Name	Rarity	Color	Type	SetName	Value
Academic Probation	Rare	White	Sorcery	Strixhaven	0.07
Brilliant Restoration	Rare	White	Sorcery	Kamigawa: Neon Dynasty	0.55
Gift of Estates	Uncommon	White	Sorcery	Commander 2014	0.81
Go-Shintai of Shared Purpose	Uncommon	White	Creature	Kamigawa: Neon Dynasty	0.09
March of Otherworldly Light	Rare	White	Instant	Kamigawa: Neon Dynasty	1.38
Shaile Dean of Radiance	Rare	White	Creature	Strixhaven	0.13
Sparring Regimen	Rare	White	Enchantment	Strixhaven	0.27
Strict Proctor	Rare	White	Creature	Strixhaven	0.95
Swords to Plowshares	Uncommon	White	Instant	Strixhaven Mystical Archive	2.57
Counterspell	Common	Blue	Instant	Strixhaven Mystical Archive	3.67
Dream Strix	Rare	Blue	Creature	Strixhaven	0.08
Echoing Equation	Rare	Blue	Sorcery	Strixhaven	0.12
Kianne Dean of Substance	Rare	Green	Creature	Strixhaven	0.09
Mind’s Desire	Rare	Blue	Sorcery	Strixhaven Mystical Archive	1.19
Multiple Choice	Rare	Blue	Sorcery	Strixhaven	0.11
Teachings of the Archaics	Rare	Blue	Sorcery	Strixhaven	0.10
Tempted by the Oriq	Rare	Blue	Sorcery	Strixhaven	0.10
Uvilda Dean of Perfection	Rare	Blue	Creature	Strixhaven	0.10
Curse of Leeches	Rare	Black	Enchantment	Innistrad:Midnight Hunt	0.16
Doom blade	Rare	Black	Instant	Strixhaven Mystical Archive	0.25
Inquisition of Kozilek	Uncommon	Black	Sorcery	Strixhaven Mystical Archive	0.45
Junji the midnight sky	Rare	Black	Creature	Kamigawa: Neon Dynasty	5.29
Oriq Loremage	Rare	Black	Creature	Strixhaven	0.39
Professor Onyx	Rare	Black	Planeswalker	Strixhaven	6.43
Sedgemoor Witch	Rare	Black	Creature	Strixhaven	1.28
Sign in Blood	Common	Black	Sorcery	Strixhaven Mystical Archive	5.66
Slaughter Specialist	Rare	Black	Creature	Innistrad:Midnight Hunt	0.25
Conspiracy Theorist	Rare	Red	Creature	Strixhaven	0.15
Draconic Intervention	Rare	Red	Sorcery	Strixhaven	0.16
Explosive Singularity	Mythic Rare	Red	Sorcery	Kamigawa: Neon Dynasty	0.37
Faithless Looting	Common	Red	Sorcery	Strixhaven Mystical Archive	0.64
Fervent Mastery	Rare	Red	Sorcery	Strixhaven	0.11
Illuminate History	Rare	Red	Sorcery	Strixhaven	0.06
Lukka Wayward Bonder	Mythic Rare	White	Creature	Strixhaven	1.99
Plargg Dean of Chaos	Rare	Red	Creature	Strixhaven	0.14
Reckless Stormseeker	Rare	Red	Creature	Innistrad:Midnight Hunt	1.67
Visions of Ruin	Rare	Red	Sorcery	Midnight Hunt Commander	0.42
Accomplished Alchemist	Rare	Green	Creature	Strixhaven	0.21
Exponential Growth	Rare	Green	Sorcery	Strixhaven	0.25
Gnarled Professor	Rare	Green	Creature	Strixhaven	0.08
Gwenna Eyes of Gaea	Rare	Green	Creature	The Brothers War	1.98
Kianne Dean of Substance	Rare	Green	Creature	Strixhaven	0.09
Krosan Grip	Uncommon	Green	Instant	Strixhaven Mystical Archive	0.61
Natural Order	Mythic Rare	Green	Sorcery	Strixhaven Mystical Archive	12.79
Primal Adversary	Mythic Rare	Green	Creature	Innistrad:Midnight Hunt	0.47
Tovolar’s Huntmaster	Rare	Green	Creature	Innistrad:Midnight Hunt	0.23
Weather the Storm	Common	Green	Instant	Strixhaven Mystical Archive	0.40
Arcane Proxy	Mythic Rare	Colorless	Creature	The Brothers War	0.49
Codie Vociferous Codex	Rare	Colorless	Creature	Strixhaven	0.14
Gilded Lotus	Rare	Colorless	Artifiact	The Brothers War Retro Artifacts	1.74
Phyrexian Processor	Rare	Colorless	Artifiact	The Brothers War Retro Artifacts	0.28
Staff of Domination	Rare	Colorless	Artifiact	The Brothers War Retro Artifacts	2.79
Battle of Frost and Fire	Rare	Multi-Color	Enchantment-Saga	Kaldheim	0.15
Blade Historian	Rare	Multi-Color	Creature	Strixhaven	1.63
Body of Research	Mythic Rare	Multi-Color	Sorcery	Strixhaven	0.50
Captain N’ghathrod	Mythic Rare	Multi-Color	Creature	Commander Legends	0.61
Culling Ritual	Rare	Multi-Color	Sorcery	Strixhaven	0.52
Culmination of Studies	Rare	Multi-Color	Sorcery	Strixhaven	0.09
Dramatic Finale	Rare	Multi-Color	Enchantment	Strixhaven	0.13
Double Major	Rare	Multi-Color	Instant	Strixhaven	1.74
Florian Voldaren Scion	Rare	Multi-Color	Creature	Innistrad:Midnight Hunt	0.30
Lorehold Command	Rare	Multi-Color	Instant	Strixhaven	0.19
Ghoulcaller’s Harvest	Rare	Multi-Color	Sorcery	Innistrad:Midnight Hunt	0.11
Greasefang Okiba Boss	Rare	Multi-Color	Creature	Kamigawa: Neon Dynasty	0.24
Liesa Forgotten Archangel	Rare	Multi-Color	Creature	Innistrad:Midnight Hunt	2.97
Manifestation Sage	Rare	Multi-Color	Creature	Strixhaven	0.06
Oloro Ageless Ascetic	Mythic Rare	Multi-Color	Creature	Commander 2013	17.00
Prismari Command	Rare	Multi-Color	Instant	Strixhaven	5.56
Putrefy	Uncommon	Multi-Color	Instant	Strixhaven Mystical Archive	0.34
Radiant Scrollwielder	Rare	Multi-Color	Creature	Strixhaven	0.11
Raiyuu Storm’s Edge	Rare	Multi-Color	Creature	Kamigawa: Neon Dynasty	0.27
Rem Karolus Stalwart Slayer	Rare	Multi-Color	Creature	Innistrad:Midnight Hunt	0.25
Rite of Harmony	Rare	Multi-Color	Instant	Innistrad:Midnight Hunt	0.63
Rushed Rebirth	Rare	Multi-Color	Instant	Strixhaven	0.25
The Kami War	Mythic Rare	Multi-Color	Enchantment-Saga	Kamigawa: Neon Dynasty	2.83
Tovolar Dire Overlord	Rare	Multi-Color	Creature	Innistrad:Midnight Hunt	0.70
Velomachus Lorehold	Mythic Rare	Multi-Color	Creature	Strixhaven	1.83
Venerable Warsinger	Rare	Multi-Color	Creature	Strixhaven	0.11
Wake to Slaughter	Rare	Multi-Color	Sorcery	Innistrad:Midnight Hunt	0.08
Witherbloom Command	Rare	Multi-Color	Sorcery	Strixhaven	0.78
The Biblioplex	Rare	Colorless	Land	Strixhaven	0.11
Faceless Haven	Rare	Colorless	Land	Kaldheim	0.17
Frostboil Snarl	Rare	Colorless	Land	Strixhaven	0.26
Hall of Oracles	Rare	Colorless	Land	Strixhaven	0.21
Necroblossom Snarl	Rare	Colorless	Land	Strixhaven	0.50
Urborg Tomb of Yawgmoth	Rare	Colorless	Land	Ultimate Masters	40.47
Cathar’s Crusade	Rare	White	Enchantment	Acacyn Restored	12.04
Leyline of Sanctity	Rare	White	Enchantment	M20	1.65
Serra Avatar	Mythic Rare	White	Creature	M13	0.40
Hero of Iroas	Uncommon	White	Creature	Born of the Gods	0.45
Faeburrow Elder	Rare	Multi-Color	Creature	Throne of Eldraine	4.33
Worthy Knight	Rare	White	Creature	Throne of Eldraine	0.23
Mass Calcify	Rare	White	Sorcery	M15	2.46
Acclaimed Contender	Rare	White	Creature	Throne of Eldraine	0.17
Divine Reckoning	Rare	White	Sorcery	Innistrad	0.63
Linden the Steadfast Queen	Rare	White	Creature	Throne of Eldraine	0.35
Faiths Reward	Rare	White	Instant	M13	1.26
Slagstorm	Rare	White	Instant	M13	0.55
Firewing Phoenix	Rare	Red	Creature	M13	0.13
Soul Shatter	Rare	Black	Instant	Zendikar Rising	1.08
Zagras Thief of Heartbeats	Rare	Multi-Color	Creature	Zendikar Rising	0.13
Escape to the Wilds	Rare	Multi-Color	Sorcery	Throne of Eldraine	0.48
Mob Rule	Rare	Red	Sorcery	Fate Reforged	0.75
Boros Battleshaper	Rare	Multi-Color	Creature	Dragons Maze	0.20
Robber of the Rich	Mythic Rare	Red	Creature	Throne of Eldraine	1.12
Rite of Ruin	Rare	Red	Sorcery	Acacyn Restored	0.14
Nivmagus Elemental	Rare	Multi-Color	Creature	Return to Ravnica	0.25
Fae of Wishes	Rare	Blue	Creature	Throne of Eldraine	0.15
Canyon Slough	Rare	Colorless	Land	Amonkhet	1.15
Red Sun Zenith	Rare	Red	Sorcery	Mirrodin Besieged	0.58
Hagra Mauling	Rare	Black	Instant	Zendikar Rising	0.75
Kefnet’s Last Word	Rare	Blue	Sorcery	Hour of Devastation	0.11
Ionize	Rare	Multi-Color	Instant	Guild of Ravnica	0.35
Battle of Wits	Rare	Blue	Enchantment-Saga	M13	0.13
Tamiyo the Moon Sage	Mythic Rare	Blue	Planeswalker	Acacyn Restored	5.59
Mahamoti Djinn	Mythic Rare	Blue	Creature	M15	0.06
Jace’s Mindseeker	Rare	Blue	Creature	M14	0.30
Soul of Ravnica	Mythic Rare	Blue	Creature	M15	0.30
Mindreaver	Rare	Blue	Creature	Born of the Gods	0.07
Precognitive Perception	Rare	Blue	Instant	Ravnica Allegiance	0.15
Terra Stomper	Rare	Green	Creature	M15	0.17
Soul of Zendikar	Mythic Rare	Green	Creature	M15	0.27
Channeler Initiate	Rare	Green	Creature	Amonkhet	0.25
Once Upon a Time	Rare	Green	Instant	Throne of Eldraine	0.67
Mistcutter Hydra	Rare	Green	Creature	Theros	1.00
Boundless Realms	Rare	Green	Sorcery	M13	2.01
Craterhoof Behemoth	Mythic Rare	Green	Creature	Acacyn Restored	26.87
Wooded Foothills	Rare	Colorless	Land	Khans of Tarkir	40.28
Deathmist Raptor	Mythic Rare	Green	Creature	Dragons of Tarkir	0.40
Yorvo Lord of Garenbrig	Rare	Green	Creature	Throne of Eldraine	0.30
Mouth	Rare	Green	Sorcery	Amonkhet	0.30
Hapatra Vizier of Poisons	Rare	Multi-Color	Creature	Amonkhet	0.86
The Great Henge	Mythic Rare	Green	Artifiact	Throne of Eldraine	60.97
Mastery of the Unseen	Rare	White	Enchantment	Fate Reforged	0.14
Rowdy Crew	Mythic Rare	Red	Creature	Ixalan	0.26
Dowsing Dagger	Rare	Colorless	Artifiact	Ixalan	5.09
Oathsworn Knight	Rare	Black	Creature	Throne of Eldraine	0.27
Eater of Hope	Rare	Black	Creature	Born of the Gods	0.09
Silumgar Assassin	Rare	Black	Creature	Dragons of Tarkir	0.18
Phylactery Lich		Black	Creature	M13	0.15
Gravewaker	Rare	Black	Creature	M19	0.08
Bontu the Glorified	Mythic Rare	Black	Creature	Amonkhet	2.02
Liliana Death Wielder	Mythic Rare	Black	Planeswalker	Amonkhet	5.14
Sorin Imperious Bloodlord	Mythic Rare	Black	Planeswalker	M20	40.21
Liliana’s Influence	Rare	Black	Sorcery	Amonkhet	0.26
Vampire Nocturnus	Mythic Rare	Black	Creature	M13	4.95
Wishclaw Talisman	Rare	Colorless	Artifiact	Throne of Eldraine	4.58
Witch’s Vengeance	Rare	Black	Sorcery	Throne of Eldraine	0.18
Stormfist Crusader	Rare	Multi-Color	Creature	Throne of Eldraine	0.65
Clackbridge Troll	Rare	Black	Creature	Throne of Eldraine	0.32
Murderous Rider	Rare	Black	Creature	Throne of Eldraine	1.23
Iname Death Aspect	Rare	Black	Creature	Champions of Kamigawa	0.30
Ruinous Path	Rare	Black	Sorcery	Battle for Zendikar	0.12
Necropolis Fiend	Rare	Black	Creature	Khans of Tarkir	0.06
Shadowborn Demon	Mythic Rare	Black	Creature	M14	0.38
Killing Wave	Rare	Black	Sorcery	Acacyn Restored	2.01
Diabolic Revelation	Rare	Black	Sorcery	M13	1.28
Plague Belcher	Rare	Black	Creature	Amonkhet	3.08
Nighthowler	Rare	Black	Creature	Theros	0.20
Force of Despair	Rare	Black	Instant	Modern Horizons	3.41
Savage knuckleblade	Rare	Multi-Color	Creature	Khans of Tarkir	0.10
Duneblast	Rare	Multi-Color	Sorcery	Khans of Tarkir	0.19
Rakshasa Vizier	Rare	Multi-Color	Creature	Khans of Tarkir	0.08
Azor’s Elocutors	Rare	Multi-Color	Creature	Return to Ravnica	0.34
Ojutai’s Command	Rare	Multi-Color	Instant	Dragons of Tarkir	0.31
Long Forgotten Gohei	Rare	Colorless	Artifiact	Champions of Kamigawa	0.39
Darkslick Shores	Rare	Colorless	Land	Phyrexia	3.37
Conjurer’s Closet	Rare	Colorless	Land	Scars of Mirrodin	4.15
Myriad Construct	Rare	Colorless	Artifiact Creature	Zendikar Rising	0.09
Icon of Ancestry	Rare	Colorless	Artifiact	M20	0.90
Dance of the Manse	Rare	Multi-Color	Sorcery	Throne of Eldraine	0.76
Woodcaller Automaton	Rare	Colorless	Artifiact Creature	The Brothers War	0.12
Terror Ballista	Rare	Colorless	Artifiact Creature	The Brothers War	0.09
Artificer’s Dragon	Rare	Colorless	Artifiact Creature	The Brothers War	0.14
Steel Seraph	Rare	Colorless	Artifiact Creature	The Brothers War	0.74
Dragon Tempest	Rare	Red	Enchantment	Dragons of Tarkir	5.91
Phyrexian Fleshgorger	Mythic Rare	Colorless	Artifiact Creature	The Brothers War	3.93
Transmogrant’s Crown	Rare	Colorless	Artifiact	The Brothers War	0.16
Maul of the Skyclaves	Rare	Colorless	Artifiact	Zendikar Rising	0.15
Thran Spider	Mythic Rarec	Colorless	Artifiact Creature	The Brothers War	0.09
Captive AudienceCaptive Audience	Mythic Rare	Multi-Color	Enchantment	Ravnica Allegiance	4.04
Kaya Orzhov Usurper	Mythic Rare	Multi-Color	Planeswalker	Ravnica Allegiance	0.48
Duskmantle Seer	Mythic Rare	Multi-Color	Creature	Gatecrash	0.28
Doom Foretold	Rare	Multi-Color	Enchantment	Throne of Eldraine	0.24
The Royal Scions	Mythic Rare	Multi-Color	Planeswalker	Throne of Eldraine	0.50
Ice-Fang Coatl	Rare	Multi-Color	Creature	The List	1.37
Castle Ardenvale	Rare	Colorless	Land	Throne of Eldraine	0.59
Castle Embereth	Rare	Colorless	Land	Throne of Eldraine	0.30
Castle Vantress	Rare	Colorless	Land	Throne of Eldraine	1.24
Castle Garenbrig	Rare	Colorless	Land	Throne of Eldraine	2.40
Castle Locthwain	Rare	Colorless	Land	Throne of Eldraine	3.73
Hellion Crucible	Rare	Colorless	Land	M13	0.22
Desolate Lighthouse	Rare	Colorless	Land	Acacyn Restored	0.25
Sulfur Falls	Rare	Colorless	Land	Innistrad	1.91
Field of the Dead	Rare	Colorless	Land	M20	22.36
Glorybringer	Rare	Red	Creature	Amonkhet	0.33
Kaheera the Orphanguard	Rare	Multi-Color	Creature	Ikoria	0.57
Vadrok Apex of Thunder	Mythic Rare	Multi-Color	Creature	Ikoria	0.58
Akiri Fearless Voyager	Rare	Multi-Color	Creature	Zendikar Rising	0.16
Rescue Retriever	Rare	White	Creature	The Brothers War	0.26
Kayla’s Reconstruction	Rare	White	Sorcery	The Brothers War	0.11
Loran of the Third Path	Rare	White	Creature	The Brothers War	9.55
Brotherhood’s End	Rare	White	Creature	The Brothers War	5.65
Tyrant of Kher Ridges	Rare	Red	Creature	The Brothers War	1.54
Titania’s Command	Rare	Green	Sorcery	The Brothers War	0.41
Awaken the Woods	Rare	Green	Sorcery	The Brothers War	9.59
Fade from History	Rare	Green	Sorcery	The Brothers War	0.27
Drafna Founder of Lat-Nam	R	Blue	Creature	The Brothers War	0.23
Geology Enthusiast	Rare	Blue	Creature	The Brothers War	0.05
Urza’s Command	Rare	Blue	Instant	The Brothers War	0.12
Hostile Negotiations	Rare	Black	Instant	The Brothers War	0.21
Fauna Shaman	Rare	Black	Instant	The Brothers War	1.11
Blast Zone	Rare	Colorless	Land	The Brothers War	0.28
Arcee Sharpshooter	Mythic Rare	Multi-Color	Artifiact Creature	Transformers	0.65
Deathbloom Ritualist	Rare	Multi-Color	Creature	The Brothers War	0.15
Liberator Urza’s Battlethopter	Rare	Colorless	Artifiact Creature	The Brothers War	3.58
Soundwave Superior Captain	Mythic Rare	Multi-Color	Artifiact Creature	Transformers	0.77
Megatron Destructive Force	Mythic Rare	Multi-Color	Artifiact Creature	Transformers	1.20
Ashnod’s Altar	Mythic Rare	Colorless	Artifiact	The Brothers War Retro Artifacts	7.77
The Temporal Anchor	Rare	Blue	Artifiact	The Brothers War	0.19
Gixian Puppeteer	Rare	Black	Creature	The Brothers War	0.59
Hurkyl Master Wizard	Rare	Blue	Creature	The Brothers War	0.51
Goblin Charbelcher	Rare	Colorless	Artifiact	The Brothers War Retro Artifacts	0.27
Goblin Darkdwellers	Rare	Red	Creature	Oath of the Gatewatch	0.17
Rootwire Amalgam	Mythic Rare	Colorless	Creature	The Brothers War	0.32
Blackblade Reforged	Rare	Colorless	Artifiact	The Brothers War Retro Artifacts	1.41
Keening Stone	Rare	Colorless	Artifiact	The Brothers War Retro Artifacts	0.21
Kayla’s Music Box	Rare	Colorless	Artifiact	The Brothers War Commander	0.08
Tawnos the Toymaker	Rare	Multi-Color	Creature	The Brothers War	0.09
Ashnod Flesh Mechanist	Rare	Black	Creature	The Brothers War	0.11
Flamewar Brash Veteran	Mythic Rare	Multi-Color	Creature	Transformers	0.40
Queen Kayla bin-Kroog	Rare	Multi-Color	Creature	The Brothers War	0.10
Jadar Ghoulcaller of Nephalia	Rare	Black	Creature	Innistrad:Midnight Hunt	4.42
Rockfall Vale	Rare	Colorless	Land	Innistrad:Midnight Hunt	1.79
Geistflame Reservoir	Rare	Colorless	Artifiact	Innistrad:Midnight Hunt	0.11
Saryth the Viper’s Fang	Rare	Green	Creature	Innistrad:Midnight Hunt	1.49
Dennick Pious Apprentice	Rare	Multi-Color	Creature	Innistrad:Midnight Hunt	0.40
Vadrik Astral Archmage	Rare	Multi-Color	Creature	Innistrad:Midnight Hunt	0.13
Unnatural Growth	Rare	Green	Enchantment	Innistrad:Midnight Hunt	3.25
Adeline Resplendent Cathar	Rare	White	Creature	Innistrad:Midnight Hunt	7.59
Primal Vigor	Rare	Green	Enchantment	The List	6.44
Kyler Sigardian Emissary	Mythic Rare	Multi-Color	Creature	Midnight Hunt Commander	0.50
Poppet Stitcher	Mythic Rare	Blue	Creature	Innistrad:Midnight Hunt	3.40
Grafted Identity	Rare	Blue	Enchantment	Innistrad:Midnight Hunt	0.09
Teferi Who Slows the Sunset	Mythic Rare	Multi-Color	Planeswalker	Innistrad:Midnight Hunt	5.05
Malevolent Hermit	Rare	Blue	Creature	Innistrad:Midnight Hunt	0.90
Lynde Cheerful Tormentor	Mythic Rare	Multi-Color	Creature	Midnight Hunt Commander	3.01
Haunted Ridge	Rare	Colorless	Land	Innistrad:Midnight Hunt	5.87
Overgrown Farmland	Mythic Rare	Colorless	Land	Innistrad:Midnight Hunt	4.90
Kher Keep	Rare	Colorless	Land	The List	0.50
Yargle and Multani	Rare	Multi-Color	Creature	March of the Machine	0.47
Errant and Giadia	Rare	Multi-Color	Creature	March of the Machine	0.24
Radha Coalition Warlord	Uncommon	Multi-Color	Creature	Multiverse Legends	0.02
Invasion of Ikoria	Rare	Colorless	Battle-Siege	March of the Machine	13.35
Vivien’s Talent	Rare	Green	Enchantment	March of the Machine Commander	0.11
Invasion of Segovia	Rare	Blue	Battle-Siege	March of the Machine	0.86
Invasion of Gobakhan	Rare	Blue	Battle-Siege	March of the Machine	0.86
Ambassador Laquatus	Rare	Blue	Creature	Tenth Edition	1.16
Talrand Sky Summoner	Rare	Blue	Creature	Tenth Edition	1.16
Glacial Fortress	Rare	Blue	Creature	Tenth Edition	1.16
Witch-king of Angmar	Mythic Rare	Black	Creature	The Lord of the Rings:Tales of Middle Earth	4.92
Mithril Coat	Rare	Colorless	Artifiact	The Lord of the Rings:Tales of Middle Earth	12.96
Gimli Mournful Avenger	Rare	Multi-Color	Creature	The Lord of the Rings:Tales of Middle Earth	0.15
Aragorn Company Leader	Rare	Multi-Color	Creature	The Lord of the Rings:Tales of Middle Earth	0.26
Elrond Master of Healing	Rare	Multi-Color	Creature	The Lord of the Rings:Tales of Middle Earth	0.23
The Watcher in the Water	Mythic Rare	Blue	Creature	The Lord of the Rings:Tales of Middle Earth	1.55
Elvish Mariner	Rare	Blue	Creature	The Lord of the Rings:Tales of Middle Earth	1.05
Denethor Ruling Steward	Uncommon	Multi-Color	Creature	The Lord of the Rings:Tales of Middle Earth	0.05
Chandra’s Regulator	Rare	Red	Artifiact	M20	0.25
Marauding Raptor	Rare	Red	Creature	M20	1.69
Kargan Intimidator	Rare	Red	Creature	Zendikar Rising	0.06
Gadwick the Wizened	Rare	Blue	Creature	Throne of Eldraine	0.77
Stolen by the Fae	Rare	Blue	Sorcery	Throne of Eldraine	0.32
Cavalier of Gales	Mythic Rare	Blue	Creature	M20	2.92
Masterful Replication	Rare	Blue	Instant	M20	0.25
Siege Veteran	Rare	White	Creature	The Brothers War	0.42
Nahiri’s Lithoforming	Rare	Red	Sorcery	Zendikar Rising	0.20
Nessian Boar	Rare	Green	Creature	Theros	0.07
Cragplate Baloth	Rare	Green	Creature	Zendikar Rising	0.07
Dalakos Crafter of Wonders	Rare	Multi-Color	Creature	Theros	0.11
Haktos the Unscarred	Rare	Multi-Color	Creature	Theros	0.09
Dream Trawler	Rare	Multi-Color	Creature	Theros	0.09
Enigmatic Incarnation	Rare	Multi-Color	Enchantment	Theros	0.13
Thryx the Sudden Storm	Rare	Blue	Creature	Theros Beyond Death	0.23
Dire Strain Rampage	Rare	Multi-Color	Sorcery	Innistrad:Midnight Hunt	0.17
Happily Ever After	Rare	White	Enchantment	Throne of Eldraine	0.14
Gilded Goose	Rare	Green	Creature	Throne of Eldraine	1.87
Okos Hospitality	Rare	Multi-Color	Instant	Throne of Eldraine	0.18
Oko the Trickster	Mythic Rare	Multi-Color	Planeswalker	Throne of Eldraine	0.83
Fabled Passage	Rare	Colorless	Land	Throne of Eldraine	6.07
Wildborn Preserver	Rare	Green	Creature	Throne of Eldraine	0.10
Return of the Wildspeaker	Rare	Green	Instant	Throne of Eldraine	1.96
Sorcerous Spyglass	Rare	Colorless	Artifact	Throne of Eldraine	0.09
Oko Thief of Crowns	Mythic Rare	Multi-Color	Planeswalker	Throne of Eldraine	18.72
The Great Henge	Mythic Rare	Green	Artifact	Throne of Eldraine	54.28
Midnight Clock	Rare	Blue	Artifact	Throne of Eldraine	0.43
The Magic Mirror	Mythic Rare	Blue	Artifact	Throne of Eldraine	2.92
Torbran Thane of Red Fell	Rare	Red	Creature	Throne of Eldraine	1.84
Fires of Invention	Rare	Red	Enchantment	Throne of Eldraine	0.18
Sundering Stroke	Rare	Red	Sorcery	Throne of Eldraine	0.25
Skemfar Avenger	Rare	Black	Creature	Kaldheim	0.28
Old Growth Troll	Rare	Green	Creature	Kaldheim	0.44
Brutal Cathar	Rare	White	Creature	Innistrad:Midnight Hunt	1.09
Dancing Sword	Rare	Colorless	Artifact	Adventures in the Forgotten Realms	0.08
Flumph	Rare	White	Creature	Adventures in the Forgotten Realms	1.28
Grand Master of Flowers	Mythic Rare	White	Planeswalker	Adventures in the Forgotten Realms	0.51
Guardian of Faith	Rare	White	Creature	Adventures in the Forgotten Realms	4.18
Icingdeath Frost Tyrant	Mythic Rare	White	Creature	Adventures in the Forgotten Realms	1.45
Loyal Warhound	Rare	White	Creature	Adventures in the Forgotten Realms	0.78
Nadaar Selfless Paladin	Rare	White	Creature	Adventures in the Forgotten Realms	0.44
Oswald Fiddlebender	Rare	White	Creature	Adventures in the Forgotten Realms	1.76
Paladin Class	Rare	White	Enchantment	Adventures in the Forgotten Realms	0.41
Teleportation Circle	Rare	White	Enchantment	Adventures in the Forgotten Realms	8.55
The Book of Exalted Deeds	Mythic Rare	White	Artifact	Adventures in the Forgotten Realms	5.16
Vanquish the Horde	Rare	White	Sorcery	Innistrad:Midnight Hunt	4.10
Demilich	Mythic Rare	Blue	Creature	Adventures in the Forgotten Realms	1.24
Dragon Turtle	Rare	Blue	Creature	Adventures in the Forgotten Realms	0.26
Grazilaxx Illithid Scholar	Rare	Blue	Creature	Adventures in the Forgotten Realms	0.80
Iymrith Desert Doom	Mythic Rare	Blue	Creature	Adventures in the Forgotten Realms	4.05
Mind Flayer	Rare	Blue	Creature	Adventures in the Forgotten Realms	0.22
Mordenkainen	Mythic Rare	Blue	Planeswalker	Adventures in the Forgotten Realms	1.25
Tasha’s Hideous Laughter	Rare	Blue	Sorcery	Adventures in the Forgotten Realms	4.19
The Blackstaff of Waterdeep	Rare	Blue	Artifact	Adventures in the Forgotten Realms	0.17
True Polymorph	Rare	Blue	Instant	Adventures in the Forgotten Realms	0.10
Wizard’s Spellbook	Rare	Blue	Artifact	Adventures in the Forgotten Realms	0.15
Yuan-Ti Malison	Rare	Blue	Creature	Adventures in the Forgotten Realms	0.15
Acererak the Archlich	Mythic Rare	Black	Creature	Adventures in the Forgotten Realms	4.01
Asmodeus the Archfiend	Rare	Black	Creature	Adventures in the Forgotten Realms	0.21
Death Tyrant	Rare	Black	Creature	Forgotten Reams Commander	1.72
Ebondeath Dracolich	Mythic Rare	Black	Creature	Adventures in the Forgotten Realms	4.46
Forsworn Paladin	Rare	Black	Creature	Adventures in the Forgotten Realms	0.26
Gelatinous Cube	Rare	Black	Creature	Adventures in the Forgotten Realms	0.14
Lolth Spider Queen	Mythic Rare	Black	Planeswalker	Adventures in the Forgotten Realms	5.03
Sphere of Annihilation	Rare	Black	Artifact	Adventures in the Forgotten Realms	0.11
The Book of Vile Darkness	Mythic Rare	Black	Artifact	Adventures in the Forgotten Realms	0.65
Vorpal Sword	Rare	Colorless	Artifact	Adventures in the Forgotten Realms	2.05
Westgate Regent	Rare	Black	Creature	Adventures in the Forgotten Realms	0.22
Wight	Rare	Black	Creature	Adventures in the Forgotten Realms	0.17
Delina Wild Mage	Rare	Red	Creature	Adventures in the Forgotten Realms	4.59
Flameskull	Mythic Rare	Red	Creature	Adventures in the Forgotten Realms	0.45
Hobgoblin Bandit Lord	Rare	Red	Creature	Adventures in the Forgotten Realms	1.51
Inferno of the Star Mount	Mythic Rare	Red	Creature	Adventures in the Forgotten Realms	3.04
Meteor Swarm	Rare	Red	Sorcery	Adventures in the Forgotten Realms	0.16
Minion of the Mighty	Rare	Red	Creature	Adventures in the Forgotten Realms	0.75
Orb of Dragonkind	Rare	Colorless	Artifact	Adventures in the Forgotten Realms	1.90
Wish	Rare	Red	Sorcery	Adventures in the Forgotten Realms	0.78
Xorn	Rare	Red	Creature	Adventures in the Forgotten Realms	6.66
Zalto Fire Giant Duke	Rare	Red	Creature	Adventures in the Forgotten Realms	0.11
Zariel Archduke of Avernus	Mythic Rare	Red	Planeswalker	Adventures in the Forgotten Realms	2.96
Circle of Dreams Druid	Rare	Green	Creature	Adventures in the Forgotten Realms	5.89
Consuming Blob	Mythic Rare	Green	Creature	Innistrad:Midnight Hunt	0.41
Ellywick Tumblestrum	Mythic Rare	Green	Planeswalker	Adventures in the Forgotten Realms	0.48
Froghemoth	Rare	Green	Creature	Adventures in the Forgotten Realms	0.19
Instrument of the Bards	Rare	Colorless	Artifact	Adventures in the Forgotten Realms	0.15
Long Rest	Rare	Green	Sorcery	Adventures in the Forgotten Realms	0.13
Ochre Jelly	Rare	Green	Creature	Adventures in the Forgotten Realms	0.31
Old Gnawbone	Mythic Rare	Green	Creature	Adventures in the Forgotten Realms	32.11
Ranger Class	Rare	Green	Enchantment	Adventures in the Forgotten Realms	0.18
The Tarrasque	Mythic Rare	Green	Creature	Adventures in the Forgotten Realms	3.23
Varis Silverymoon Ranger	Rare	Green	Creature	Adventures in the Forgotten Realms	0.18
Werewolf Pack Leader	Rare	Green	Creature	Adventures in the Forgotten Realms	0.90
Eye of Vecna	Rare	Colorless	Artifact	Adventures in the Forgotten Realms	0.28
Hand of Vecna	Rare	Colorless	Artifact	Adventures in the Forgotten Realms	0.16
The Deck of Many Things	Mythic Rare	Colorless	Artifact	Adventures in the Forgotten Realms	6.92
Treasure Chest	Rare	Colorless	Artifact	Adventures in the Forgotten Realms	0.35
Adult Gold Dragon	Rare	Multi-Color	Creature	Adventures in the Forgotten Realms	0.18
Bard Class	Rare	Multi-Color	Enchantment	Adventures in the Forgotten Realms	0.48
Drizzt Do’Urden	Rare	Multi-Color	Creature	Adventures in the Forgotten Realms	0.25
Fighter Class	Rare	Multi-Color	Enchantment	Adventures in the Forgotten Realms	2.25
Minsc Beloved Ranger	Mythic Rare	Multi-Color	Creature	Adventures in the Forgotten Realms	0.44
Monk Class	Rare	Multi-Color	Enchantment	Adventures in the Forgotten Realms	0.18
Orcus Prince of Undeath	Rare	Multi-Color	Creature	Adventures in the Forgotten Realms	0.27
Rogue Class	Rare	Multi-Color	Enchantment	Adventures in the Forgotten Realms	3.51
Skeletal Swarming	Rare	Multi-Color	Enchantment	Adventures in the Forgotten Realms	0.36
Sorcerer Class	Rare	Multi-Color	Enchantment	Adventures in the Forgotten Realms	1.09
Tiamat	Mythic Rare	Multi-Color	Creature	Adventures in the Forgotten Realms	8.35
Triumphant Adventurer	Rare	Multi-Color	Creature	Adventures in the Forgotten Realms	0.39
Volo Guide to Monsters	Rare	Multi-Color	Creature	Adventures in the Forgotten Realms	0.19
Xanathar Guild Kingpin	Mythic Rare	Multi-Color	Creature	Adventures in the Forgotten Realms	3.39
Cave of the Frost Dragon	Rare	Colorless	Land	Adventures in the Forgotten Realms	0.54
Den of the Bugbear	Rare	Colorless	Land	Adventures in the Forgotten Realms	4.22
Dungeon Descent	Rare	Colorless	Land	Adventures in the Forgotten Realms	0.22
Evolving Wilds	Common	Colorless	Land	Adventures in the Forgotten Realms	0.16
Hall of Storm Giants	Rare	Colorless	Land	Adventures in the Forgotten Realms	2.22
Hive of the Eye Tyrant	Rare	Colorless	Land	Adventures in the Forgotten Realms	2.77
Lair of the Hydra	Rare	Colorless	Land	Adventures in the Forgotten Realms	1.41
Temple of the Dragon Queen	Uncommon	Colorless	Land	Adventures in the Forgotten Realms	0.21
Treasure Vault	Rare	Colorless	Land	Adventures in the Forgotten Realms	3.38
Go-Shintai of Shared Purpose	Uncommon	White	Sorcery	Kamigawa:Neon Dynasty	\N
Half-Elf Monk	Common	White	Creature	Adventures in the Forgotten Realms	0.00
Michiko's Reign of Truth	Uncommon	White	Enchantment	Kamigawa:Neon Dynasty	0.00
Revitalize	Uncommon	White	Instant	Strixhaven:Mystical Archives	0.00
Shepherd of the Cosmos	Uncommon	White	Creature	Kaldheim	0.00
Static Net	Uncommon	White	Enchantment	The Brother;s War	0.00
Animate Dead	Uncommon	Black	Enchantment	Eternal Masters	0.00
Dockside Chef	Uncommon	Black	Creature	Kamigawa:Neon Dynasty	0.00
Go For the Throat	Uncommon	Black	Instant	The Brother&#039;s War	0.00
Poison the Cup	Uncommon	Black	Instant	Kaldheim	0.00
Claim the Firstborn	Uncommon	Red	Sorcery	Strixhaven:Mystical Archives	0.00
Dragonspark Reactor	Uncommon	Red	Artifact	Kamigawa:Neon Dynasty	0.00
Go-Shintai of Ancient Wars	Uncommon	Red	Creature	Kamigawa:Neon Dynasty	0.00
The Fall of Kroog	Uncommon	Red	Sorcery	The Brother&#039;s War	0.00
Twinshot Sniper	Uncommon	Red	Creature	Kamigawa:Neon Dynasty	0.00
Azusa's Many Journeys	Uncommon	Green	Enchantment	Kamigawa:Neon Dynasty	0.00
Blossom Prancer	Uncommon	Green	Creature	Kamigawa:Neon Dynasty	0.00
Generoua Visitor	Uncommon	Green	Creature	Kamigawa:Neon Dynasty	0.00
Go-Shintai of Boundless Vigor	Uncommon	Green	Creature	Kamigawa:Neon Dynasty	0.00
Obstinate Baloth	Uncommon	Green	Creature	The Brother&#039;s War	0.00
Spinning Wheel Kick	Uncommon	Green	Sorcery	Kamigawa:Neon Dynasty	0.00
Bronze Cudgels	Uncommon	Colorless	Artifact	Kamigawa:Neon Dynasty	0.00
Combat Thresher	Uncommon	Colorless	Creature	The Brother&#039;s War	0.00
Cradle Clearcutter	Uncommon	Colorless	Creature	The Brother&#039;s War	0.00
Iron-Craw Crusher	Uncommon	Colorless	Creature	The Brother&#039;s War	0.00
Towashi Guide-Bot	Uncommon	Colorless	Creature	Kamigawa:Neon Dynasty	0.00
Walking Skyscraper	Uncommon	Colorless	Creature	Kamigawa:Neon Dynasty	0.00
Gloomshrieker	Uncommon	Multi-Color	Creature	Kamigawa:Neon Dynasty	0.00
Oni-Cult Anvil	Uncommon	Multi-Color	Artifact	Kamigawa:Neon Dynasty	0.00
Practical Research	Uncommon	Multi-Color	Instant	Strixhaven	0.00
Vega The Watcher	Uncommon	Multi-Color	Creature	Kaldheim	0.00
Bog Naughty	Uncommon	Black	Creature	Throne of Eldraine	0.00
Blow Your House Down	Common	Red	Sorcery	Throne of Eldraine	0.00
Festive Funeral	Common	Black	Instant	Throne of Eldraine	0.00
Mantle of Tides	Common	Blue	Artifact	Throne of Eldraine	0.00
Sorcerer&#039;s Broom	Uncommon	Colorless	Creature	Throne of Eldraine	0.00
Crashing Drawbridge	Common	Colorless	Creature	Throne of Eldraine	0.00
Witch&#039;s Oven	Uncommon	Colorless	Artifact	Throne of Eldraine	0.00
Gingerbrute	Common	Colorless	Creature	Throne of Eldraine	0.00
Shambling Suit	Uncommon	Colorless	Creature	Throne of Eldraine	0.00
Clockwork Servant	Uncommon	Colorless	Creature	Throne of Eldraine	0.00
Roving Keep	Common	Colorless	Creature	Throne of Eldraine	0.00
Enchanted Carriage	Uncommon	Colorless	Artifact	Throne of Eldraine	0.00
Henge Walker	Common	Colorless	Creature	Throne of Eldraine	0.00
Weapon Rack	Common	Colorless	Artifact	Throne of Eldraine	0.00
Heraldic Banner	Uncommon	Colorless	Artifact	Throne of Eldraine	0.00
Golden Egg	Common	Colorless	Artifact	Throne of Eldraine	0.00
Glass Casket	Uncommon	Colorless	Artifact	Throne of Eldraine	0.00
Inquisitive Pupet	Uncommon	Colorless	Creature	Throne of Eldraine	0.00
Spinning Wheel	Uncommon	Colorless	Artifact	Throne of Eldraine	0.00
Locthwain Gargoyle	Common	Colorless	Creature	Throne of Eldraine	0.00
Jousing Dummy	Common	Colorless	Creature	Throne of Eldraine	0.00
Fell the Pheasant	Common	Green	Instant	Throne of Eldraine	0.00
Maraleaf Rider	Common	Green	Creature	Throne of Eldraine	0.00
Rosethorn Halberd	Common	Green	Artifact	Throne of Eldraine	0.00
Garenbrig Squire	Common	Green	Creature	Throne of Eldraine	0.00
Wolf's Quarry	Common	Green	Sorcery	Throne of Eldraine	0.00
Garenbrig Carver	Common	Green	Creature	Throne of Eldraine	0.00
Tall as A Beanstalk	Common	Green	Enchantment	Throne of Eldraine	0.00
Tuinvale Treefolk	Common	Green	Creature	Throne of Eldraine	0.00
Gingerbread Cabin	Common	Colorless	Land	Throne of Eldraine	0.00
Wildwood Tracker	Common	Green	Creature	Throne of Eldraine	0.00
Curious Pair	Common	Green	Creature	Throne of Eldraine	0.00
Oakhame Adversary	Uncommon	Green	Creature	Throne of Eldraine	0.00
Insatiable Appetite	Common	Green	Instant	Throne of Eldraine	0.00
Fierce Witchstalker	Common	Green	Creature	Throne of Eldraine	0.00
Rosethorn Acolyte	Common	Green	Creature	Throne of Eldraine	0.00
Wandermare	Uncommon	Multi-Color	Creature	Throne of Eldraine	0.00
Syr Faren-the Hedgehammer	Uncommon	Green	Creature	Throne of Eldraine	0.00
Beanstalk Giant	Uncommon	Green	Creature	Throne of Eldraine	0.00
Outmuscle	Common	Green	Sorcery	Throne of Eldraine	0.00
Hypnotic Sprite	Uncommon	Blue	Creature	Throne of Eldraine	0.00
Witching Well	Common	Blue	Artifact	Throne of Eldraine	0.00
Vantress Paladin	Common	Blue	Creature	Throne of Eldraine	0.00
Syr Elenora-the Discerning	Uncommon	Blue	Creature	Throne of Eldraine	0.00
Didn't Say Please	Common	Blue	Instant	Throne of Eldraine	0.00
Charmed Sleep	Common	Blue	Enchantment	Throne of Eldraine	0.00
Into the Story	Uncommon	Blue	Instant	Throne of Eldraine	0.00
So Tiny	Common	Blue	Enchantment	Throne of Eldraine	0.00
Run Away Together	Common	Blue	Instant	Throne of Eldraine	0.00
Unexplained Vision	Common	Blue	Sorcery	Throne of Eldraine	0.00
Tome Raider	Common	Blue	Creature	Throne of Eldraine	0.00
Oko's Accomplices	Common	Blue	Creature	Throne of Eldraine	0.00
Covetous Urge	Uncommon	Multi-Color	Sorcery	Throne of Eldraine	0.00
Frogify	Uncommon	Blue	Enchantment	Throne of Eldraine	0.00
Mistford River Turtle	Common	Blue	Creature	Throne of Eldraine	0.00
Lonesome Unicorn	Common	White	Creature	Throne of Eldraine	0.00
Mystic Sanctuary	Common	Colorless	Land	Throne of Eldraine	0.00
Queen of Ice	Common	Blue	Creature	Throne of Eldraine	0.00
Order of Midnight	Uncommon	Black	Creature	Throne of Eldraine	0.00
Outflank	Common	White	Instant	Throne of Eldraine	0.00
Deafening Silence	Uncommon	White	Enchantment	Throne of Eldraine	0.00
Righteousness	Uncommon	White	Instant	Throne of Eldraine	0.00
All that Glitters	Uncommon	White	Enchantment	Throne of Eldraine	0.00
Ardenvale Paladin	Common	White	Creature	Throne of Eldraine	0.00
Silverflame Ritual	Common	White	Sorcery	Throne of Eldraine	0.00
Flutterfox	Common	White	Creature	Throne of Eldraine	0.00
Silverflame Squire	Common	White	Creature	Throne of Eldraine	0.00
Savvy Hunter	Uncommon	Multi-Color	Creature	Throne of Eldraine	0.00
Wintermoor Commander	Uncommon	Multi-Color	Creature	Throne of Eldraine	0.00
Knight of the Keep	Common	White	Creature	Throne of Eldraine	0.00
Archon of Absolution	Uncommon	White	Creature	Throne of Eldraine	0.00
Youthful Knight	Common	White	Creature	Throne of Eldraine	0.00
Trapped in the Tower	Common	White	Enchantment	Throne of Eldraine	0.00
Syre Alin the Lion's Claw	Uncommon	White	Creature	Throne of Eldraine	0.00
Prized Griffin	Common	White	Creature	Throne of Eldraine	0.00
Beloved Princess	Common	White	Creature	Throne of Eldraine	0.00
Bartered Cow	Common	White	Creature	Throne of Eldraine	0.00
Shepherd of the Flock	Uncommon	White	Creature	Throne of Eldraine	0.00
Shining Armor	Common	White	Artifact	Throne of Eldraine	0.00
True Love&#039;s Kiss	Common	White	Instant	Throne of Eldraine	0.00
Mad Ratter	Uncommon	Red	Creature	Throne of Eldraine	0.00
Elite Headhunter	Uncommon	Red	Creature	Throne of Eldraine	0.00
Merchant of the Vale	Common	Red	Creature	Throne of Eldraine	0.00
Weaselback Redcap	Common	Red	Creature	Throne of Eldraine	0.00
Redcap Raiders	Common	Red	Creature	Throne of Eldraine	0.00
Rimrock Knight	Common	Red	Creature	Throne of Eldraine	0.00
Fireborn Knight	Uncommon	Multi-Color	Creature	Throne of Eldraine	0.00
Dwarven Mine	Common	Colorless	Land	Throne of Eldraine	0.00
Jouse	Uncommon	Red	Sorcery	Throne of Eldraine	0.00
Brimstone Trebuchet	Common	Red	Creature	Throne of Eldraine	0.00
Barge In	Common	Red	Instant	Throne of Eldraine	0.00
Syr Carah the Bold	Uncommon	Red	Creature	Throne of Eldraine	0.00
Crystal Slipper	Common	Red	Artifact	Throne of Eldraine	0.00
Searing Barrage	Common	Red	Instant	Throne of Eldraine	0.00
Raging Redcap	Common	Red	Creature	Throne of Eldraine	0.00
Thrill of Possibility	Common	Red	Instant	Throne of Eldraine	0.00
Scorching Dragonfire	Common	Red	Instant	Throne of Eldraine	0.00
Rampart Smasher	Uncommon	Red	Creature	Throne of Eldraine	0.00
Fling	Common	Red	Instant	Throne of Eldraine	0.00
Locthwain Paladin	Common	Black	Creature	Throne of Eldraine	0.00
Deathless Knight	Uncommon	Multi-Color	Creature	Throne of Eldraine	0.00
Memory Theft	Common	Black	Sorcery	Throne of Eldraine	0.00
Malevolent Noble	Common	Black	Creature	Throne of Eldraine	0.00
Reave Soul	Common	Black	Sorcery	Throne of Eldraine	0.00
Epic Downfall	Uncommon	Black	Sorcery	Throne of Eldraine	0.00
Wicked Guardian	Common	Black	Creature	Throne of Eldraine	0.00
Eye Collector	Common	Black	Creature	Throne of Eldraine	0.00
Lost Legion	Common	Black	Creature	Throne of Eldraine	0.00
Belle of the Brawl	Uncommon	Black	Creature	Throne of Eldraine	0.00
Giant&#039;s Skewer	Common	Black	Artifact	Throne of Eldraine	0.00
Smitten Swordmaster	Common	Black	Creature	Throne of Eldraine	0.00
Witch&#039;s Cottage	Common	Colorless	Land	Throne of Eldraine	0.00
Cauldron Familiar	Uncommon	Black	Creature	Throne of Eldraine	0.00
Reaper of Night	Common	Black	Creature	Throne of Eldraine	0.00
Foreboding Fruit	Common	Black	Sorcery	Throne of Eldraine	0.00
Reave Soul	Common	Black	Sorcery	Throne of Eldraine	0.00
Cauldron&#039;s Gift	Uncommon	Black	Sorcery	Throne of Eldraine	0.00
Bake into Pie	Common	Black	Instant	Throne of Eldraine	0.00
Tempting Witch	Common	Black	Creature	Throne of Eldraine	0.00
Barrow Witches	Common	Black	Creature	Throne of Eldraine	0.00
Garruk Cursed Huntsman	Common	Black	Emblem	Throne of Eldraine	0.00
Harald King of Skemfar	Uncommon	Multi-Color	Creature	Kaldheim	0.00
Skemfar Shadowsage	Uncommon	Black	Creature	Kaldheim	0.00
Elderfang Ritualist	Uncommon	Black	Creature	Kaldheim	0.00
Draugr&#039;s Helm	Uncommon	Black	Artifact	Kaldheim	0.00
Vengeful Reaper	Uncommon	Black	Creature	Kaldheim	0.00
Rune of Mortality	Uncommon	Black	Enchantment	Kaldheim	0.00
Runed Crown	Uncommon	Colorless	Artifact	Kaldheim	0.00
Tergrid&#039;s Shadow	Uncommon	Black	Instant	Kaldheim	0.00
Return Upon the Tide	Uncommon	Black	Sorcery	Kaldheim	0.00
Bloodsky Beserker	Uncommon	Black	Creature	Kaldheim	0.00
Thornmantle Striker	Uncommon	Black	Creature	Kaldheim	0.00
Faerie Guidemother	Common	White	Creature	Throne of Eldraine	0.00
Blink Dog	Uncommon	White	Creature	Adventures in the Forgotten Realms	0.00
Cleric Class	Uncommon	White	Enchantment		0.00
Cloister Gargoyle	Uncommon	White	Creature	Adventures in the Forgotten Realms	0.00
Dragon&#039;s Disciple	Uncommon	White	Creature	Adventures in the Forgotten Realms	0.00
Ingenious Smith	Uncommon	White	Creature	Adventures in the Forgotten Realms	0.00
Moon-Blessed Cleric	Uncommon	White	Creature	Adventures in the Forgotten Realms	0.00
Plate Armor	Uncommon	White	Creature	Adventures in the Forgotten Realms	0.00
Portable Hole	Uncommon	White	Artifact	Adventures in the Forgotten Realms	0.00
White Dragon	Uncommon	White	Creature	Adventures in the Forgotten Realms	0.00
Abberant Mind Sorcerer	Uncommon	Blue	Creature	Adventures in the Forgotten Realms	0.00
Air-Cult Elemental	Common	Blue	Creature	Adventures in the Forgotten Realms	0.00
Blue Dragon	Uncommon	Blue	Creature	Adventures in the Forgotten Realms	0.00
Contact Other Plane	Common	Blue	Instant	Adventures in the Forgotten Realms	0.00
Djinni Windseer	Common	Blue	Creature	Adventures in the Forgotten Realms	0.00
Eccentric Apprentice	Uncommon	Blue	Creature	Adventures in the Forgotten Realms	0.00
Feywild Trickster	Uncommon	Blue	Creature	Adventures in the Forgotten Realms	0.00
Fly	Uncommon	Blue	Enchantment	Adventures in the Forgotten Realms	0.00
MordenKainen&#039;s Polymorph	Common	Blue	Instant	Adventures in the Forgotten Realms	0.00
Power of Persuasion	Uncommon	Blue	Sorcery	Adventures in the Forgotten Realms	0.00
Baleful Beholder	Common	Black	Creature	Adventures in the Forgotten Realms	0.00
Black Dragon	Uncommon	Black	Creature	Adventures in the Forgotten Realms	0.00
Check for Traps	Uncommon	Black	Sorcery	Adventures in the Forgotten Realms	0.00
Death-Priest of Myrkul	Uncommon	Black	Creature	Adventures in the Forgotten Realms	0.00
Demogorgon&#039;s Clutches	Uncommon	Black	Sorcery	Adventures in the Forgotten Realms	0.00
Drider	Uncommon	Black	Creature	Adventures in the Forgotten Realms	0.00
Dungeon Crawler	Uncommon	Black	Creature	Adventures in the Forgotten Realms	0.00
Eyes of the Beholder	Common	Black	Instant	Adventures in the Forgotten Realms	0.00
Grim Harvest	Common	Black	Instant	Coldsnap	0.00
Grim Wanderer	Uncommon	Black	Creature	Adventures in the Forgotten Realms	0.00
Power Work Kill	Uncommon	Black0	Instant	Adventures in the Forgotten Realms	0.00
Ray of Enfeeblement	Uncommon	Black	Instant	Adventures in the Forgotten Realms	0.00
Reaper&#039;s Talisman	Uncommon	Black	Artifact	Adventures in the Forgotten Realms	0.00
Skullport Merchant	Uncommon	Black	Creature	Adventures in the Forgotten Realms	0.00
Warlock Class	Uncommon	Black	Enchantment	Adventures in the Forgotten Realms	0.00
Barbarian Class	Uncommon	Red	Enchantment	Adventures in the Forgotten Realms	0.00
Burning Hands	Uncommon	Red	Instant	Adventures in the Forgotten Realms	0.00
Critical Hit	Uncommon	Red	Instant	Adventures in the Forgotten Realms	0.00
Hulking Bugbear	Uncommon	Red	Creature	Adventures in the Forgotten Realms	0.00
Jaded Sell-Sword	Common	Red	Creature	Adventures in the Forgotten Realms	0.00
Rust Monster	Uncommon	Red	Creature	Adventures in the Forgotten Realms	0.00
Tiger-Tribe Hunter	Uncommon	Red	Creature	Adventures in the Forgotten Realms	0.00
You Find Some Prisoners	Uncommon	Red	Instant	Adventures in the Forgotten Realms	0.00
You See a Pair of Goblins	Uncommon	Red	Instant	Adventures in the Forgotten Realms	0.00
Druid Class	Uncommon	Green	Enchantment	Adventures in the Forgotten Realms	0.00
Gnoll Hunter	Common	Green	Creature	Adventures in the Forgotten Realms	0.00
Green Dragon	Uncommon	Green	Creature	Adventures in the Forgotten Realms	0.00
Hunter&#039;s Mark	Uncommon	Green	Instant	Adventures in the Forgotten Realms	0.00
Loathsome Troll	Uncommon	Green	Creature	Adventures in the Forgotten Realms	0.00
Lurking Roper	Uncommon	Green	Creature	Adventures in the Forgotten Realms	0.00
Prosperous Innkeeper	Uncommon	Green	Creature	Adventures in the Forgotten Realms	0.00
Purple Worm	Uncommon	Green	Creature	Adventures in the Forgotten Realms	0.00
Ulvenwald Mysteries	Uncommon	Green	Enchantment	Murders at Karlov Manor Commanders	0.00
Wandering Troubadour	Uncommon	Green	Creature	Adventures in the Forgotten Realms	0.00
You Happen On a Glade	Uncommon	Green	Instant	Adventures in the Forgotten Realms	0.00
You Meet in a Tavern	Uncommon	Green	Sorcery	Adventures in the Forgotten Realms	0.00
Bag of Holding	Uncommon	Colorless	Artifact	Adventures in the Forgotten Realms	0.00
Dungeon Map	Uncommon	Colorless	Artifact	Adventures in the Forgotten Realms	0.00
Expedition Map	Common	Colorless	Artifact	Modern Horizons 3 Commander	0.00
Fifty Feet of Rope	Uncommon	Colorless	Artifact	Adventures in the Forgotten Realms	0.00
Iron Golem	Uncommon	Colorless	Creature	Adventures in the Forgotten Realms	0.00
Barrowin of Clan Undurr	Uncommon	Multi-Color	Creature	Adventures in the Forgotten Realms	0.00
Bruenor Battlehammer	Uncommon	Multi-Color	Creature	Adventures in the Forgotten Realms	0.00
Farideh Devil&#039;s Chosen	Uncommon	Multi-Color	Creature	Adventures in the Forgotten Realms	0.00
Gretchen Titchwillow	Uncommon	Multi-Color	Creature	Adventures in the Forgotten Realms	0.00
Hama Pashar Ruin Seeker	Uncommon	Multi-Color	Creature	Adventures in the Forgotten Realms	0.00
Kalain Reclusive Painter	Uncommon	Multi-Color	Creature	Adventures in the Forgotten Realms	0.00
Krydle of Baldur&#039;s Gate	Uncommon	Multi-Color	Creature	Adventures in the Forgotten Realms	0.00
Shessra Death&#039;s Whisper	Uncommon	Multi-Color	Creature	Adventures in the Forgotten Realms	0.00
Targ Nar Demon-Fang Gnoll	Uncommon	Multi-Color	Creature	Adventures in the Forgotten Realms	0.00
Captain&#039;s Call	Common	White	Sorcery	Magic 13	0.00
Guardians of Akrasa	Common	White	Creature	Magic 13	0.00
Lyev Skynight	Uncommon	Multi-Color	Creature	Return to Ravnica	0.00
Guardian Lions	Common	White	Creature	Magic 13	0.00
Blessing	Common	White	Enchantment	Unlimites	0.00
Honor Guard	Common	White	Creature	Tenth Edition	0.00
Dangerous Wager	Common	Red	Instant	Avacyn Restored	0.00
Earth Elemental	Uncommon	Red	Creature	Tenth Edition	0.00
Lightning Mauler	Uncommon	Red	Creature	Avacyn Restored	0.00
Goblin Sky Raider	Common	Red	Creature	Tenth Edition	0.00
Kruin Stryker	Common	Red	Creature	Avacyn Restored	0.00
Thatcher Revolt	Common	Red	Sorcery	Avacyn Restored	0.00
Goblin Elite Infantry	Common	Red	Creature	Tenth Edition	0.00
Somberwald Vigilante	Common	Red	Creature	Avacyn Restored	0.00
Kessig Malcontents	Uncommon	Red	Creature	Avacyn Restored	0.00
Riot Ringleader	Common	Red	Creature	Avacyn Restored	0.00
Lightning Prowess	Uncommon	Red	Enchantment	Avacyn Restored	0.00
Volcanic Strength	Common	Red	Enchantment	Magic 13	0.00
Kindled Fury	Common	Red	Instant	Magic 13	0.00
Craterize	Common	Red	Sorcery	Magic 13	0.00
Kolaghan Stormsinger	Common	Red	Creature	Dragons of Tarkir	0.00
Awe for the Guilds	Common	Red	Sorcery	Dragon&#039;s Maze	0.00
Coral Merfolk (signed)	Common	Blue	Creature	Magic 10	0.00
Elgaud Shieldmate	Common	Blue	Creature	Avacyn Restored	0.00
Vedalken Entrancer	Common	Blue	Creature	Magic 13	0.00
Elusive Spellfist	Common	Blue	Creature	Dragons of Tarkir	0.00
Dirgur Nemesis	Common	Blue	Creature	Dragons of Tarkir	0.00
Crafty Pathmage	Common	Blue	Creature	Tenth Edition	0.00
Tandem Lookout	Uncommon	Blue	Creature	Avacyn Restored	0.00
Kraken Hatchling	Common	Blue	Creature	Magic 13	0.00
Jace&#039;s Phantasm	Uncommon	Blue	Creature	Magic 13	0.00
Lost in the Mist	Common	Blue	Instant	Innistrad	0.00
Switcheroo	Uncommon	Blue	Sorcery	Magic 13	0.00
Primal Huntbeast	Common	Green	Creature	Magic 13	0.00
Druid&#039;s Familiar	Uncommon	Green	Creature	Avacyn Restored	0.00
Geist Trappers	Common	Green	Creature	Avacyn Restored	0.00
Ranger&#039;s Path	Common	Green	Sorcery	Magic 13	0.00
Centaur Courser	Common	Green	Creature	Magic 13	0.00
Trusted Forcemage	Common	Green	Creature	Avacyn Restored	0.00
Bower Passage	Uncommon	Green	Enchantment	Avacyn Restored	0.00
Bond Beetle	Common	Green	Creature	Magic 13	0.00
Arbor Elf	Common	Green	Creature	Magic 13	0.00
Sheltering Word	Common	Green	Instant	Avacyn Restored	0.00
Lair Delve	Common	Green	Sorcery	Avacyn Restored	0.00
Lurking Ayrnx	Uncommon	Green	Creature	Dragons of Tarkir	0.00
Guardian Shield-Bearer	Common	Green	Creature	Dragons of Tarkir	0.00
Sheltered Aerie	Common	Green	Enchantment	Dragons of Tarkir	0.00
Turn Against	Uncommon	Red	Instant	Battle for Zendikar	0.00
Spawning Bed	Uncommon	Colorless	Land	Battle for Zendikar	0.00
Ring of Xathrid	Uncommon	Colorless	Artifact	Magic 13	0.00
Breaker of Armies	Uncommon	Colorless	Creature	Battle for Zendikar	0.00
Gem of Becoming	Uncommon	Colorless	Artifact	Magic 13	0.00
Rod of Ruin	Uncommon	Colorless	Artifact	Tenth Edition	0.00
Rakdos Guildgate	Common	Colorless	Land	Ravnica Allegiance	0.00
Macabre Mockery	Uncommon	Multi-Color	Instant	Ravnica Allegiance	0.00
Sonorous Howlbonder	Uncommon	Multi-Color	Creature	Ikoria: Lair of Behemoths	0.00
Radha Coalition Warlord	Uncommon	Multi-Color	Creature	March of the Machine Multiverse Legends	0.00
Denethor Ruling Steward	Uncommon	Multi-Color	Creature	The Lord of the Rings: Tales of Middle Eart	0.00
Shepherd of Heroes	Common	White	Creature	Zendikar Rising	0.00
Bellowing Elk	Common	Green	Creature	Modern Horizons	0.00
Rakdos Patron of Chaos	Mythic Rare	Multi-Color	Creature	Murders at Karlov Manor	0.00
Reenact the Crime	Rare	Blue	Instant	Murders at Karlov Manor	0.00
Flourishing Bloom-Kin	Uncommon	Green	Creature	Murders at Karlov Manor	0.00
Tin Street Gossip	Uncommon	Multi-Color	Creature	Murders at Karlov Manor	0.00
Neighborhood Guardian	Uncommon	White	Creature	Murders at Karlov Manor	0.00
Loxodon Eavesdropper	Common	Green	Creature	Murders at Karlov Manor	0.00
Innocent Bystander	Common	Red	Creature	Murders at Karlov Manor	0.00
Reasonable Doubt	Common	Blue	Instant	Murders at Karlov Manor	0.00
Seasoned Consultant	Common	White	Creature	Murders at Karlov Manor	0.00
Agency Coroner	Common	Black	Creature	Murders at Karlov Manor	0.00
Rakish Scoundrel	Common	Multi-Color	Creature	Murders at Karlov Manor	0.00
A Mysterious Creature	Common	Colorless	Creature	Murders at Karlov Manor	0.00
Krosan Tusker	Common	Green	Creature	Onslaught	0.00
Push/Pull	Uncommon	Multi-Color	Sorcery	Murders at Karlov Manor	0.00
Sanctuary Wall	Uncommon	White	Creature	Murders at Karlov Manor	0.00
Tolsimir Midnight&#039;s Light	Rare	Multi-Color	Creature	Murders at Karlov Manor	0.00
Gadget Technician	Common	Multi-Color	Creature	Murders at Karlov Manor	0.00
Agency Outfitter	Uncommon	Blue	Creature	Murders at Karlov Manor	0.00
It Doesn&#039;t Add Up	Uncommon	Black	Instant	Murders at Karlov Manor	0.00
Sanitation Automation	Common	Colorless	Creature	Murders at Karlov Manor	0.00
Crimestopper Sprite	Common	Blue	Creature	Murders at Karlov Manor	0.00
Airtight Alibi	Common	Green	Enchantment	Murders at Karlov Manor	0.00
Shock	Common	Red	Instant	Murders at Karlov Manor	0.00
Basilica Stalker	Common	Black	Creature	Murders at Karlov Manor	0.00
Makeshift Binding	Common	White	Enchantment	Murders at Karlov Manor	0.00
Riftburst Hellion	Common	Multi-Color	Creature	Murders at Karlov Manor	0.00
Hound Tamer	Uncommon	Green	Creature	Innistrad:Midnight Hunt	0.00
Spellrune Painter	Uncommon	Red	Creature	Innistrad:Midnight Hunt	0.00
Shady Traveler	Common	Black	Creature	Innistrad:Midnight Hunt	0.00
Defend the Celestus	Uncommon	Green	Instant	Innistrad:Midnight Hunt	0.00
Borrowed Time	Uncommon	White	Enchantment	Innistrad:Midnight Hunt	0.00
Hobbling Zombie	Common	Black	Creature	Innistrad:Midnight Hunt	0.00
Siege Zombie	Common	Black	Creature	Innistrad:Midnight Hunt	0.00
Larder Zombie	Common	Blue	Creature	Innistrad:Midnight Hunt	0.00
Covert Cutpurse	Uncommon	Black	Creature	Innistrad:Midnight Hunt	0.00
Lunarch Veteran	Common	White	Creature	Innistrad:Midnight Hunt	0.00
Obsessive Astronomer	Uncommon	Red	Creature	Innistrad:Midnight Hunt	0.00
Moonsilver Key	Uncommon	Colorless	Artifact	Innistrad:Midnight Hunt	0.00
Eaten Alive	Common	Black	Sorcery	Innistrad:Midnight Hunt	0.00
Rotten Reunion	Common	Black	Instant	Innistrad:Midnight Hunt	0.00
Crawl from the Cellar	Common	Black	Sorcery	Innistrad:Midnight Hunt	0.00
Moonrager&#039;s Slash	Common	Red	Instant	Innistrad:Midnight Hunt	0.00
Harvestride Infiltrator	Common	Red	Creature	Innistrad:Midnight Hunt	0.00
Tireless Hunter	Common	Green	Creature	Innistrad:Midnight Hunt	0.00
Village Watch	Uncommon	Red	Creature	Innistrad:Midnight Hunt	0.00
Dawnhart Rejuvenator	Common	Green	Creature	Innistrad:Midnight Hunt	0.00
Bird Admirer	Common	Green	Creature	Innistrad:Midnight Hunt	0.00
Cathar&#039;s Call	Uncommon	White	Enchantment	Innistrad:Midnight Hunt	0.00
Ritual of Hope	Uncommon	White	Instant	Innistrad:Midnight Hunt	0.00
Eccentric Farmer	Common	Green	Creature	Innistrad:Midnight Hunt	0.00
Ardent Elementalist	Common	Red	Creature	Innistrad:Midnight Hunt	0.00
Electric Revelation	Common	Red	Instant	Innistrad:Midnight Hunt	0.00
Otherworldly Gaze	Common	Blue	Instant	Innistrad:Midnight Hunt	0.00
Rite of Oblivion	Uncommon	Multi-Color	Sorcery	Innistrad:Midnight Hunt	0.00
Odric&#039;s Outrider	Uncommon	White	Creature	Innistrad:Midnight Hunt	0.00
Diregraf Horder	Common	Black	Creature	Innistrad:Midnight Hunt	0.00
Harvestride Sentry	Common	Green	Creature	Innistrad:Midnight Hunt	0.00
Duelcraft Trainer	Uncommon	White	Creature	Innistrad:Midnight Hunt	0.00
Loyal Gryff	Uncommon	White	Creature	Innistrad:Midnight Hunt	0.00
Ecstatic Awakener	Common	Black	Creature	Innistrad:Midnight Hunt	0.00
Tavern Ruffian	Common	Red	Creature	Innistrad:Midnight Hunt	0.00
Rise of the Ants	Uncommon	Green	Sorcery	Innistrad:Midnight Hunt	0.00
Tireless Hauler	Common	Green	Creature	Innistrad:Midnight Hunt	0.00
Mysterious Tome	Uncommon	Blue	Artifact	Innistrad:Midnight Hunt	0.00
Flip the Switch	Common	Blue	Instant	Innistrad:Midnight Hunt	0.00
Falcon Abomination	Common	Blue	Creature	Innistrad:Midnight Hunt	0.00
Drownyard Amalgam	Common	Blue	Creature	Innistrad:Midnight Hunt	0.00
Revenge of the Drowned	Common	Blue	Instant	Innistrad:Midnight Hunt	0.00
Locked in the Cemetery	Common	Blue	Enchantment	Innistrad:Midnight Hunt	0.00
Bladebrand	Common	Black	Instant	Innistrad:Midnight Hunt	0.00
Novice Occultist	Common	Black	Creature	Innistrad:Midnight Hunt	0.00
Blood Pact	Common	Black	Instant	Innistrad:Midnight Hunt	0.00
Fangblade Brigand	Uncommon	Red	Creature	Innistrad:Midnight Hunt	0.00
Beloved Beggar	Uncommon	White	Creature	Innistrad:Midnight Hunt	0.00
Thermo-Alchemist	Uncommon	Red	Creature	Innistrad:Midnight Hunt	0.00
Cathartic Pyre	Uncommon	Red	Instant	Innistrad:Midnight Hunt	0.00
Flame Channeler	Uncommon	Red	Creature	Innistrad:Midnight Hunt	0.00
Raze the Effigy	Common	Red	Instant	Innistrad:Midnight Hunt	0.00
Chaplain of Alms	Uncommon	White	Creature	Innistrad:Midnight Hunt	0.00
Vivisection	Uncommon	Blue	Sorcery	Innistrad:Midnight Hunt	0.00
Necrosynthesis	Uncommon	Black	Enchantment	Innistrad:Midnight Hunt	0.00
Morbid Opportunist	Uncommon	Black	Creature	Innistrad:Midnight Hunt	0.00
Gavony Silversmith	Common	White	Creature	Innistrad:Midnight Hunt	0.00
Search Party Captain	Common	White	Creature	Innistrad:Midnight Hunt	0.00
Clarion Cathars	Common	White	Creature	Innistrad:Midnight Hunt	0.00
Might of the Old Ways	Common	Green	Instant	Innistrad:Midnight Hunt	0.00
Path to the Festival	Common	Green	Sorcery	Innistrad:Midnight Hunt	0.00
Candlegrove Witch	Common	White	Creature	Innistrad:Midnight Hunt	0.00
Seize the Storm	Uncommon	Red	Sorcery	Innistrad:Midnight Hunt	0.00
Arcane Infusion	Uncommon	Multi-Color	Instant	Innistrad:Midnight Hunt	0.00
Morkrut Behemoth	Common	Black	Creature	Innistrad:Midnight Hunt	0.00
Ritual Guardian	Common	White	Creature	Innistrad:Midnight Hunt	0.00
Hedgewitch&#039;s Mask	Common	White	Artifact	Innistrad:Midnight Hunt	0.00
Galedrifter	Common	Blue	Creature	Innistrad:Midnight Hunt	0.00
Return to Nature	Common	Green	Instant	Innistrad:Midnight Hunt	0.00
Jack-o&#039;-Lantern	Common	Colorless	Artifact	Innistrad:Midnight Hunt	0.00
Outland Liberator	Uncommon	Green	Creature	Innistrad:Midnight Hunt	0.00
Turn the Earth	Uncommon	Green	Instant	Innistrad:Midnight Hunt	0.00
Crossroads Candleguide	Common	Colorless	Creature	Innistrad:Midnight Hunt	0.00
Esctatic Awakener	Common	Black	Creature	Innistrad:Midnight Hunt	0.00
Baithook Angler	Common	Blue	Creature	Innistrad:Midnight Hunt	0.00
Stormrider Spirit	Common	Blue	Creature	Innistrad:Midnight Hunt	0.00
Geistwave	Common	Blue	Instant	Innistrad:Midnight Hunt	0.00
Shipwreck Sifters	Common	Blue	Creature	Innistrad:Midnight Hunt	0.00
Plummet	Common	Green	Instant	Innistrad:Midnight Hunt	0.00
Veil of Summer	Uncommon	Green	Instant	Magic 20	0.00
Mystic Skull	Uncommon	Colorless	Artifact	Innistrad:Midnight Hunt	0.00
Mourning Patrol	Common	White	Creature	Innistrad:Midnight Hunt	0.00
Neonate&#039;s Rush	Common	Red	Instant	Innistrad:Midnight Hunt	0.00
Bladestitched Skaab	Uncommon	Multi-Color	Creature	Innistrad:Midnight Hunt	0.00
Vengeful Strangler	Uncommon	Black	Creature	Innistrad:Midnight Hunt	0.00
Ghoulish Procession	Uncommon	Black	Enchantment	Innistrad:Midnight Hunt	0.00
Devious Cover-Up	Common	Blue	Instant	Innistrad:Midnight Hunt	0.00
Celestus Sanctifier	Common	White	Creature	Innistrad:Midnight Hunt	0.00
Secrets of the Key	Instant	Blue	Instant	Innistrad:Midnight Hunt	0.00
Pestilent Wolf	Common	Green	Creature	Innistrad:Midnight Hunt	0.00
Snarling Wolf	Common	Green	Creature	Innistrad:Midnight Hunt	0.00
Flare of Faith	Common	White	Instant	Innistrad:Midnight Hunt	0.00
Blessed Defiance	Common	White	Instant	Innistrad:Midnight Hunt	0.00
Sunrise Cavalier	Uncommon	Multi-Color	Creature	Innistrad:Midnight Hunt	0.00
Sacred Fire	Uncommon	Multi-Color	Instant	Innistrad:Midnight Hunt	0.00
Mounted Dreadknight	Common	Red	Creature	Innistrad:Midnight Hunt	0.00
Arrogant Outlaw	Common	Black	Creature	Innistrad:Midnight Hunt	0.00
Bat Whisperer	Common	Black	Creature	Innistrad:Midnight Hunt	0.00
Vampire Interloper	Common	Black	Creature	Innistrad:Midnight Hunt	0.00
Undead Slayer	Uncommon	White	Creature	Magic 10	0.00
Kessig Naturalist	Uncommon	Multi-Color	Creature	Innistrad:Midnight Hunt	0.00
Winterhorn Blessing	Uncommon	Multi-Color	Sorcery	Innistrad:Midnight Hunt	0.00
Rootcoil Creeper	Uncommon	Multi-Color	Creature	Innistrad:Midnight Hunt	0.00
Lambolt Harrier	Common	Red	Creature	Innistrad:Midnight Hunt	0.00
Phantom Carriage	Uncommon	Blue	Creature	Innistrad:Midnight Hunt	0.00
Faithful Mending	Uncommon	Multi-Color	Instant	Innistrad:Midnight Hunt	0.00
Stolen Vitality	Common	Red	Instant	Innistrad:Midnight Hunt	0.00
Bounding Wolf	Common	Green	Creature	Innistrad:Midnight Hunt	0.00
Pack&#039;s Betrayal	Common	Red	Sorcery	Innistrad:Midnight Hunt	0.00
Consider	Common	Blue	Instant	Innistrad:Midnight Hunt	0.00
Voldaren Stinger	Common	Red	Creature	Innistrad:Midnight Hunt	0.00
Falkenrath Perforator	Common	Red	Creature	Innistrad:Midnight Hunt	0.00
Famished Foragers	Common	Red	Creature	Innistrad:Midnight Hunt	0.00
Dawnhart Mentor	Uncommon	Green	Creature	Innistrad:Midnight Hunt	0.00
Organ Hoarder	Common	Blue	Creature	Innistrad:Midnight Hunt	0.00
Baneblade Scoundrel	Uncommon	Black	Creature	Innistrad:Midnight Hunt	0.00
Burly Breaker	Uncommon	Green	Creature	Innistrad:Midnight Hunt	0.00
Corpse Cobble	Uncommon	Multi-Color	Instant	Innistrad:Midnight Hunt	0.00
Fleshtaker	Uncommon	Multi-Color	Creature	Innistrad:Midnight Hunt	0.00
Ominous Roost	Uncommon	Blue	Enchantment	Innistrad:Midnight Hunt	0.00
Olivia&#039;s Midnight Ambush	Common	Black	Instant	Innistrad:Midnight Hunt	0.00
Olivia&#039;s Midnight Ambush	Common	Black	Instant	Innistrad:Midnight Hunt	0.00
Dawnhart Wardens	Uncommon	Multi-Color	Creature	Innistrad:Midnight Hunt	0.00
Tapping at the Window	Common	Green	Sorcery	Innistrad:Midnight Hunt	0.00
Shadowbeast Sighting	Common	Green	Sorcery	Innistrad:Midnight Hunt	0.00
Candletrap	Common	White	Enchantment	Innistrad:Midnight Hunt	0.00
Startle	Common	Blue	Instant	Innistrad:Midnight Hunt	0.00
Candlelit Calvary	Common	Green	Creature	Innistrad:Midnight Hunt	0.00
Bramble Armor	Common	Green	Artifact	Innistrad:Midnight Hunt	0.00
Timberland Guide	Common	Green	Creature	Innistrad:Midnight Hunt	0.00
Grizzly Ghoul	Uncommon	Multi-Color	Creature	Innistrad:Midnight Hunt	0.00
Diregraf Rebirth	Uncommon	Multi-Color	Sorcery	Innistrad:Midnight Hunt	0.00
Component Collector	Common	Blue	Creature	Innistrad:Midnight Hunt	0.00
Unblinking Observer	Common	Blue	Creature	Innistrad:Midnight Hunt	0.00
Victimize	Uncommon	Black	Sorcery	Commander Anthology	0.00
Foul Play	Uncommon	Black	Sorcery	Innistrad:Midnight Hunt	0.00
Voldaren Ambusher	Uncommon	Red	Creature	Innistrad:Midnight Hunt	0.00
Devoted Grafkeeper	Uncommon	Multi-Color	Creature	Innistrad:Midnight Hunt	0.00
Sungold Barrage	Common	White	Instant	Innistrad:Midnight Hunt	0.00
Contortionist Troupe	Uncommon	Green	Creature	Innistrad:Midnight Hunt	0.00
Join the Dance	Uncommon	Multi-Color	Sorcery	Innistrad:Midnight Hunt	0.00
Abandon the Post	Common	Red	Sorcery	Innistrad:Midnight Hunt	0.00
Silver Bolt	Common	Colorless	Artifact	Innistrad:Midnight Hunt	0.00
Cathar Commando	Common	White	Creature	Innistrad:Midnight Hunt	0.00
Duress	Common	Black	Sorcery	Innistrad:Midnight Hunt	0.00
Thraben Exorcism	Common	White	Instant	Innistrad:Midnight Hunt	0.00
Soul-Guide Gryff	Common	White	Creature	Innistrad:Midnight Hunt	0.00
Lunar Frenzy	Uncommon	Red	Instant	Innistrad:Midnight Hunt	0.00
Storm Skreelix	Uncommon	Multi-Color	Creature	Innistrad:Midnight Hunt	0.00
Brazen Dwarf	Common	Red	Creature	Adventures in the Forgotten Realms	0.00
Dreadhound	Uncommon	Black	Creature	Innistrad:Midnight Hunt	0.00
Infernal Grasp	Uncommon	Black	Instant	Innistrad:Midnight Hunt	0.00
Loyal Apprentice	Uncommon	Red	Creature	Commander 2018	0.00
Overwhelmed Archivist	Uncommon	Blue	Creature	Innistrad:Midnight Hunt	0.00
Dryad&#039;s Revival	Uncommon	Green	Sorcery	Innistrad:Midnight Hunt	0.00
Brood Weaver	Uncommon	Green	Creature	Innistrad:Midnight Hunt	0.00
Purifying Dragon	Uncommon	Red	Creature	Innistrad:Midnight Hunt	0.00
Expose to Daylight	Common	White	Instant	Ravnica Allegiance	0.00
Red Dragon	Uncommon	Red	Creature	Adventures in the Forgotten Realms	0.00
Clattering Skeletons	Common	Black	Creature	Adventures in the Forgotten Realms	0.00
Neverwinter Dryad	Common	Green	Creature	Adventures in the Forgotten Realms	0.00
+2 Mace	Common	White	Artifact	Adventures in the Forgotten Realms	0.00
You Find a Cursed Idol	Common	Green	Sorcery	Adventures in the Forgotten Realms	0.00
Deadly Dispute	Common	Black	Instant	Adventures in the Forgotten Realms	0.00
Swarming Goblins	Common	Red	Creature	Adventures in the Forgotten Realms	0.00
Secret Door	Common	Blue	Creature	Adventures in the Forgotten Realms	0.00
Potion of Healing	Common	Colorless	Artifact	Adventures in the Forgotten Realms	0.00
Goblin Javelineer	Common	Red	Creature	Adventures in the Forgotten Realms	0.00
Paladin&#039;s Shield	Common	White	Artifact	Adventures in the Forgotten Realms	0.00
Plundering Barbarian	Common	Red	Creature	Adventures in the Forgotten Realms	0.00
Steadfast Paladin	Common	White	Creature	Adventures in the Forgotten Realms	0.00
Manticore	Common	Black	Creature	Adventures in the Forgotten Realms	0.00
Priest of Ancient Lore	Common	White	Creature	Adventures in the Forgotten Realms	0.00
Shambling Ghast	Common	Black	Creature	Adventures in the Forgotten Realms	0.00
Hoarding Ogre	Common	Red	Creature	Adventures in the Forgotten Realms	0.00
Clever Conjurer	Common	Blue	Creature	Adventures in the Forgotten Realms	0.00
Grim Bounty	Common	Black	Sorcery	Adventures in the Forgotten Realms	0.00
Ranger&#039;s Hawk	Common	White	Creature	Adventures in the Forgotten Realms	0.00
Scaled Herbalist	Common	Green	Creature	Adventures in the Forgotten Realms	0.00
Precipitous Drop	Common	Black	Enchantment	Adventures in the Forgotten Realms	0.00
Valor Singer	Common	Red	Creature	Adventures in the Forgotten Realms	0.00
Rimeshield Frost Giant	Common	Blue	Creature	Adventures in the Forgotten Realms	0.00
Improvised Weaponry	Common	Red	Sorcery	Adventures in the Forgotten Realms	0.00
Soulknife Spy	Common	Blue	Creature	Adventures in the Forgotten Realms	0.00
Compelled Duel	Common	Green	Sorcery	Adventures in the Forgotten Realms	0.00
Hobgoblin Captain	Common	Red	Creature	Adventures in the Forgotten Realms	0.00
Arcane Investigator	Common	Blue	Creature	Adventures in the Forgotten Realms	0.00
Feign Death	Common	Black	Instant	Adventures in the Forgotten Realms	0.00
Wild Shape	Uncommon	Green	Instant	Adventures in the Forgotten Realms	0.00
Sunset Revelry	Uncommon	White	Sorcery	Adventures in the Forgotten Realms	0.00
Gavony Dawnguard	Uncommon	White	Creature	Innistrad:Midnight Hunt	0.00
You Come to a River	Common	Blue	Instant	Adventures in the Forgotten Realms	0.00
Dawnbringer Cleric	Common	White	Creature	Adventures in the Forgotten Realms	0.00
Sylvan Shepherd	Common	Green	Creature	Adventures in the Forgotten Realms	0.00
Devour Intellect	Common	Black	Sorcery	Adventures in the Forgotten Realms	0.00
Farideh&#039;s Fireball	Common	Red	Instant	Adventures in the Forgotten Realms	0.00
You See a Guard Approach	Common	Blue	Instant	Adventures in the Forgotten Realms	0.00
Planar Ally	Common	White	Creature	Adventures in the Forgotten Realms	0.00
Earth-Cult Elemental	Common	Red	Creature	Adventures in the Forgotten Realms	0.00
You Come to the Gnoll Camp	Common	Red	Instant	Adventures in the Forgotten Realms	0.00
Celestial Unicorn	Common	White	Creature	Adventures in the Forgotten Realms	0.00
Bar the Gate	Common	Blue	Instant	Adventures in the Forgotten Realms	0.00
Elturgard Ranger	Common	Green	Creature	Adventures in the Forgotten Realms	0.00
Greataxe	Common	Colorless	Artifact	Adventures in the Forgotten Realms	0.00
Herald of Hadar	Common	Black	Creature	Adventures in the Forgotten Realms	0.00
Underdark Basilisk	Common	Green	Creature	Adventures in the Forgotten Realms	0.00
Delver&#039;s Torch	Common	White	Artifact	Adventures in the Forgotten Realms	0.00
Spoils of the Hunt	Common	Green	Instant	Adventures in the Forgotten Realms	0.00
Yuan-Ti Fang-Blade	Common	Black	Creature	Adventures in the Forgotten Realms	0.00
Unexpected Windfall	Common	Red	Instant	Adventures in the Forgotten Realms	0.00
You Hear Something on Watch	Common	White	Instant	Adventures in the Forgotten Realms	0.00
You&#039;re Ambushed on the Road	Common	White	Instant	Adventures in the Forgotten Realms	0.00
Ranger&#039;s Longbow	Common	Green	Artifact	Adventures in the Forgotten Realms	0.00
Vampire Spawn	Common	Black	Creature	Adventures in the Forgotten Realms	0.00
Silver Raven	Common	Blue	Creature	Adventures in the Forgotten Realms	0.00
Drider	Uncommon	Black	Creature	Adventures in the Forgotten Realms	0.00
Magic Missile	Uncommon	Red	Sorcery	Adventures in the Forgotten Realms	0.00
Trickster&#039;s Talisman	Uncommon	Blue	Artifact	Adventures in the Forgotten Realms	0.00
Aborea Pegasus	Common	White	Creature	Adventures in the Forgotten Realms	0.00
Price of Loyalty	Common	Red	Sorcery	Adventures in the Forgotten Realms	0.00
Boots of Speed	Common	Red	Artifact	Adventures in the Forgotten Realms	0.00
Choose Your Weapon	Uncommon	Green	Instant	Adventures in the Forgotten Realms	0.00
Dwarfhold Champion	Common	White	Creature	Adventures in the Forgotten Realms	0.00
Circle of the Moon Druid	Common	Green	Creature	Adventures in the Forgotten Realms	0.00
Fates&#039; Reversal	Common	Black	Sorcery	Adventures in the Forgotten Realms	0.00
Dragon&#039;s Fire	Common	Red	Instant	Adventures in the Forgotten Realms	0.00
Sepulcher Ghoul	Common	Black	Creature	Adventures in the Forgotten Realms	0.00
Spiked Pit Trap	Common	Colorless	Artifact	Adventures in the Forgotten Realms	0.00
You Find the Villian&#039;s Lair	Common	Blue	Instant	Adventures in the Forgotten Realms	0.00
Devoted Paladin	Common	White	Creature	Adventures in the Forgotten Realms	0.00
Hill Giant Herdgorger	Common	Green	Creature	Adventures in the Forgotten Realms	0.00
Inspiring Bard	Common	Green	Creature	Adventures in the Forgotten Realms	0.00
Stromkirk Bloodthief	Uncommon	Black	Creature	Innistrad:Midnight Hunt	0.00
Mimic	Common	Colorless	Artifact	Adventures in the Forgotten Realms	0.00
Zombie Ogre	Common	Black	Creature	Adventures in the Forgotten Realms	0.00
Leather Armor	Common	Colorless	Artifact	Adventures in the Forgotten Realms	0.00
Split the Party	Uncommon	Blue	Sorcery	Adventures in the Forgotten Realms	0.00
Spare Dagger	Common	Colorless	Artifact	Adventures in the Forgotten Realms	0.00
Battle Cry Goblin	Uncommon	Red	Creature	Adventures in the Forgotten Realms	0.00
Dire Wolf Prowler	Common	Green	Creature	Adventures in the Forgotten Realms	0.00
Hired Hexblade	Common	Black	Creature	Adventures in the Forgotten Realms	0.00
Armory Veteran	Common	Red	Creature	Adventures in the Forgotten Realms	0.00
Shortcut Seeker	Common	Blue	Creature	Adventures in the Forgotten Realms	0.00
Thieve&#039;s Tools	Common	Black	Artifact	Adventures in the Forgotten Realms	0.00
Kick in the Door	Common	Red	Sorcery	Adventures in the Forgotten Realms	0.00
Shocking Grasp	Common	Blue	Instant	Adventures in the Forgotten Realms	0.00
Bulette	Common	Green	Creature	Adventures in the Forgotten Realms	0.00
Dueling Rapier	Common	Red	Artifact	Adventures in the Forgotten Realms	0.00
Hoard Robber	Common	Black	Creature	Adventures in the Forgotten Realms	0.00
Bull&#039;s Strength	Common	Green	Instant	Adventures in the Forgotten Realms	0.00
Minimus Containment	Common	White	Enchantment	Adventures in the Forgotten Realms	0.00
Find the Path	Common	Green	Enchantment	Adventures in the Forgotten Realms	0.00
Guild Thief	Uncommon	Blue	Creature	Adventures in the Forgotten Realms	0.00
Chaos Channeler	Uncommon	Red	Creature	Adventures in the Forgotten Realms	0.00
Veteran Dungeoneer	Common	White	Creature	Adventures in the Forgotten Realms	0.00
Owlbear	Common	Green	Creature	Adventures in the Forgotten Realms	0.00
Pixie Guide	Common	Blue	Creature	Adventures in the Forgotten Realms	0.00
Displacer Beast	Uncommon	Blue	Creature	Adventures in the Forgotten Realms	0.00
Gloom Stalker	Common	White	Creature	Adventures in the Forgotten Realms	0.00
Scion of Stygia	Common	Blue	Creature	Adventures in the Forgotten Realms	0.00
Rally Maneuver	Uncommon	White	Instant	Adventures in the Forgotten Realms	0.00
Intrepid Outlander	Uncommon	Green	Creature	Adventures in the Forgotten Realms	0.00
Trelasarra Moon Dancer	Uncommon	Multi-Color	Creature	Adventures in the Forgotten Realms	0.00
Sudden Insight	Uncommon	Blue	Instant	Adventures in the Forgotten Realms	0.00
Divine Smite	Uncommon	White	Instant	Adventures in the Forgotten Realms	0.00
Wizard Class	Uncommon	Blue	Enchantment	Adventures in the Forgotten Realms	0.00
Wizard Class	Uncommon	Blue	Enchantment	Adventures in the Forgotten Realms	0.00
Keen-Eared Sentry	Uncommon	White	Creature	Adventures in the Forgotten Realms	0.00
Ray of Frost	Uncommon	Blue	Enchantment	Adventures in the Forgotten Realms	0.00
